Date,Return
08/19/14,0.00807338679366512
08/18/14,0.01513558145700471
08/15/14,-0.002035936210237145
08/14/14,-0.00022616377949099596
08/13/14,0.02141339565845119
08/12/14,-0.009068757247306238
08/11/14,-0.0015647976973009433
08/08/14,0.009603123672452266
08/07/14,-0.005321660638059957
08/06/14,0.0023077603574989452
08/05/14,-0.01409760983749417
08/04/14,0.012507383042377605
08/01/14,-0.009674656968665282
07/31/14,-0.026931304061905033
07/30/14,0.003090809347345511
07/29/14,-0.008449104660963096
07/28/14,0.0026824366038291836
07/25/14,-0.00729749811811322
07/24/14,-0.004412905042009824
07/23/14,0.0020848897731681223
07/22/14,0.008940309689858336
07/21/14,-0.009427346884238755
07/18/14,0.037212662800520636
07/17/14,-0.015326311083527708
07/16/14,-0.0036252973089613743
07/15/14,-0.00015382494554664624
07/14/14,0.0098241583188322
07/11/14,0.014148215265495048
07/10/14,-0.008644640692925558
07/09/14,0.00873764274583379
07/08/14,-0.01916704375526171
07/07/14,-0.004241266456648866
07/03/14,0.004112727313565796
07/02/14,-0.0005748751291943545
07/01/14,0.012845891606881044
06/30/14,-0.0033954976492449555
06/27/14,0.002152827095408211
06/26/14,-0.0045796543147811845
06/25/14,0.024848554938749528
06/24/14,-0.0005841322126259791
06/23/14,0.015439730613615915
06/20/14,0.0026310874669971166
06/19/14,0.002764889929537445
06/18/14,0.019078781184148273
06/17/14,-0.002333389421854638
06/16/14,-0.013556534448994653
06/13/14,0.0007436241204074518
06/12/14,-0.013402744088723917
06/11/14,-0.003050583070173788
06/10/14,-0.0027930581941854916
06/09/14,0.010407533208607204
06/06/14,0.004387060907627246
06/05/14,0.016964751723763227
06/04/14,-0.0005138230745986242
06/03/14,-0.016229501238425287
06/02/14,-0.010645026271906518
05/30/14,-0.000339191080720264
05/29/14,-0.0028486374734608055
05/28/14,-0.007544821224640718
05/27/14,0.023973264444771162
05/23/14,0.014016802797273582
05/22/14,0.011355560931722127
05/21/14,0.017309408131549714
05/20/14,0.0017207254958691394
05/19/14,0.01580775533888164
05/16/14,0.0012501155712362159
05/15/14,-0.012665066841087737
05/14/14,-0.012080503404327965
05/13/14,0.005982026497625562
05/12/14,0.02157191750370299
05/09/14,0.015127254423993246
05/08/14,0.0020393506680271793
05/07/14,-0.010055490877637721
05/06/14,-0.02400485890827669
05/05/14,-0.0002273378135140799
05/02/14,-0.0064364511663525395
05/01/14,0.008905224878143473
04/30/14,-0.001970849441449437
04/29/14,0.020400276275255157
04/28/14,0.001879194428561187
04/25/14,-0.017099494618581398
04/24/14,-0.0033780315085715235
04/23/14,-0.014715503290709671
04/22/14,0.011709702116414445
04/21/14,-0.013952532202802934
04/17/14,-0.036726917292514455
04/16/14,0.03746915670975509
04/15/14,0.007361290452552567
04/14/14,0.003618528730643112
04/11/14,-0.019132996486587634
04/10/14,-0.04110685094086949
04/09/14,0.016651685806530685
04/08/14,0.03112508140258309
04/07/14,-0.009187283940202353
04/04/14,-0.04668794707285436
04/03/14,0.004832424270440819
04/02/14,-0.00028207785888434574
04/01/14,0.018295436390690242
03/31/14,-0.005393039459372201
03/28/14,0.002739689523067145
03/27/14,-0.012305863547698257
03/26/14,-0.023085850880294738
03/25/14,0.0006823037208945494
03/24/14,-0.02122498208387829
03/21/14,-0.011794570767541668
03/20/14,-0.00174282290380979
03/19/14,-0.009915243410186373
03/18/14,0.01607241624255206
03/17/14,0.016456322182957436
03/14/14,-0.013674615139915941
03/13/14,-0.01510808147489044
03/12/14,0.006091727731436859
03/11/14,-0.009557835685401929
03/10/14,-0.0026506896883096032
03/07/14,-0.003952083835811877
03/06/14,0.0011081479942161858
03/05/14,0.002757433142385617
03/04/14,0.010160514218868178
03/03/14,-0.010660977031954124
02/28/14,-0.0029199614649053577
02/27/14,-0.0007866799913468855
02/26/14,0.00013929957783648554
02/25/14,0.006177273378601073
02/24/14,0.007243738459102527
02/21/14,-0.00026568923045982174
02/20/14,0.001472057012778154
02/19/14,-0.007052678017270276
02/18/14,0.006717640414273753
02/14/14,0.0024168597704559273
02/13/14,0.01113188527960006
02/12/14,-0.0029324006019102716
02/11/14,0.014706833486124851
02/10/14,-0.003830348880920919
02/07/14,0.015069440843147272
02/06/14,0.014660577477719284
02/05/14,0.004428253105347585
02/04/14,0.004173123202481159
02/03/14,-0.04025500409222927
01/31/14,0.04014479376707135
01/30/14,0.025719980115029868
01/29/14,-0.01432755744939137
01/28/14,0.01977794298587703
01/27/14,-0.020109822207029737
01/24/14,-0.03126461708958521
01/23/14,-0.004223090172576607
01/22/14,0.0011343064100666747
01/21/14,0.011446924655805681
01/17/14,-0.004921164425881124
01/16/14,0.006616559887449254
01/15/14,-0.0006786252473116959
01/14/14,0.023526749127885008
01/13/14,-0.0063706495114544326
01/10/14,-5.312135182606438e-05
01/09/14,-0.00962997293009408
01/08/14,0.0020810790670082093
01/07/14,0.01927818925099502
01/06/14,0.011149370704810467
01/03/14,-0.007294850233821281
01/02/14,-0.006772482774811229
12/31/13,0.010140085587346099
12/30/13,-0.007993563681377033
12/27/13,0.0008412233977509649
12/26/13,0.005054672220903491
12/24/13,-0.0029234841831289548
12/23/13,0.013156198067109222
12/20/13,0.013256950211510509
12/19/13,0.0013552340898580141
12/18/13,0.01391766558597845
12/17/13,-0.0029078356272774393
12/16/13,0.011491483815386488
12/13/13,-0.00857040014287082
12/12/13,-0.006804095822473643
12/11/13,-0.00679480206271012
12/10/13,0.006047407507982454
12/09/13,0.007729927272757619
12/06/13,0.011850555555292559
12/05/13,-0.000793862815308104
12/04/13,0.004671194628747915
12/03/13,-0.001156976561107096
12/02/13,-0.00482252784894617
11/29/13,-0.0033111384299380924
11/27/13,0.004440667857470043
11/26/13,0.011931918430809128
11/25/13,0.013606198944807402
11/22/13,-0.0021081881942731744
11/21/13,0.011503338696633014
11/20/13,-0.0028189662297391387
11/19/13,-0.006155731753862682
11/18/13,-0.0019448010757181957
11/15/13,-0.0016131038488662187
11/14/13,0.0026731434814593253
11/13/13,0.02044910328113367
11/12/13,0.0011775207978911178
11/11/13,-0.0053541639442567235
11/08/13,0.008016308708034695
11/07/13,-0.01447080718619431
11/06/13,0.0012040828046261014
11/05/13,-0.004473219758404848
11/04/13,-0.0009055007284780454
11/01/13,-0.0034349729110972936
10/31/13,0.00015529744138511058
10/30/13,-0.0056164136757601455
10/29/13,0.020926069744599166
10/28/13,-0.0001970325883310098
10/25/13,-0.010092133949791166
10/24/13,-0.005681560245555731
10/23/13,0.024240317263211048
10/22/13,0.0036878661280009555
10/21/13,-0.008018505075051814
10/18/13,0.1379628544176449
10/17/13,-0.010289198746641227
10/16/13,0.01816302112905424
10/15/13,0.006734339381081717
10/14/13,0.00472482582274977
10/11/13,0.00431904044471732
10/10/13,0.01446502060096731
10/09/13,0.0025653965597313704
10/08/13,-0.013941872713643578
10/07/13,-0.007577174514002758
10/04/13,-0.0042690155272312735
10/03/13,-0.01340101339413485
10/02/13,0.0011160803307896964
10/01/13,0.012661113109326187
09/30/13,-0.000547704429429973
09/27/13,-0.0020268981556542933
09/26/13,0.0010715221799205415
09/25/13,-0.010836207106124696
09/24/13,0.0003835477703544144
09/23/13,-0.018392002301248652
09/20/13,0.005253795123657265
09/19/13,-0.005457610379907695
09/18/13,0.019421987919893136
09/17/13,-0.0018586347010820354
09/16/13,-0.0014734570288894115
09/13/13,-0.00446778172729188
09/12/13,-0.003492533454458219
09/11/13,0.008462042641834403
09/10/13,0.0006981479545058004
09/09/13,0.009629647401618794
09/06/13,2.2706714218101262e-05
09/05/13,0.009097899843302422
09/04/13,0.013075640628789631
09/03/13,0.015916829656383438
08/30/13,-0.009971547626972116
08/29/13,0.008107950601524565
08/28/13,-0.0018820557161229304
08/27/13,-0.018744406479011776
08/26/13,-0.004389804254062524
08/23/13,-0.004005844672531162
08/22/13,0.005038365468561424
08/21/13,0.004518022974251472
08/20/13,-0.00026567939582134413
08/19/13,0.010199407512185567
08/16/13,-0.0031989560013996796
08/15/13,-0.011669174538708265
08/14/13,-0.012981557229966079
08/13/13,-0.00481084164708109
08/12/13,-0.0055030276047883485
08/09/13,-0.0025206012420869446
08/08/13,0.0022567883535837105
08/07/13,-0.006602937793583295
08/06/13,-0.009314892070172337
08/05/13,-0.0017318152732701214
08/02/13,0.002598882480245679
08/01/13,0.018552532852379653
07/31/13,-0.0035580965712614598
07/30/13,0.009804228103109405
07/29/13,-0.003478829418283405
07/26/13,-0.002647317320389398
07/25/13,-0.016834587635180486
07/24/13,-0.0009958260520251765
07/23/13,-0.007576560290263553
07/22/13,0.015726024306470583
07/19/13,-0.015460954190586683
07/18/13,-0.008567880284553952
07/17/13,-0.0011526485074610157
07/16/13,-0.0054937396391716445
07/15/13,0.001831015659346147
07/12/13,0.0029992181740405937
07/11/13,0.015728640822572557
07/10/13,0.0008285006726019438
07/09/13,0.00016576874434012505
07/08/13,0.012982751100032108
07/05/13,0.007964523600048939
07/03/13,0.004669561400254725
07/02/13,-0.006273364391126696
07/01/13,0.008530549492345855
06/28/13,0.0037625058904390118
06/27/13,0.003914609659398149
06/26/13,0.008600784813163781
06/25/13,-0.004127440243024545
06/24/13,-0.012645712900886147
06/21/13,-0.004306354053915645
06/20/13,-0.01769775786167958
06/19/13,6.666282859137861e-05
06/18/13,0.01621432381248487
06/17/13,0.012810858241273732
06/14/13,-0.0022348400260304873
06/13/13,0.005756974153413522
06/12/13,-0.008899672150288404
06/11/13,-0.011693702466102575
06/10/13,0.011924087317333649
06/07/13,0.017452398168010027
06/06/13,0.00574613987789263
06/05/13,0.0006984267152331736
06/04/13,-0.009831403571716931
06/03/13,-0.004120665455071513
05/31/13,0.0005283095055252851
05/30/13,0.00282157914334898
05/29/13,-0.014706068232891141
05/28/13,0.00910323447896126
05/24/13,-0.01072741432702121
05/23/13,-0.007454277989778052
05/22/13,-0.01935011164259465
05/21/13,-0.001717087806211836
05/20/13,-0.0007149411950897534
05/17/13,0.0058747269318136985
05/16/13,-0.013123828464579991
05/15/13,0.03245406800193034
05/14/13,0.010905584671827933
05/13/13,-0.0030673377055309165
05/10/13,0.010040414681069481
05/09/13,-0.002461060356740111
05/08/13,0.019131444267141286
05/07/13,-0.005014249066115194
05/06/13,0.018717763220974678
05/03/13,0.019418792503318703
05/02/13,0.011189218845548734
05/01/13,-0.005020763275977045
04/30/13,0.006727244928022789
04/29/13,0.022010890594416074
04/26/13,-0.009492009908168357
04/25/13,-0.005347574288773672
04/24/13,0.0068696135569822955
04/23/13,0.009736179860125753
04/22/13,0.0003000880008011864
04/19/13,0.044339341102020355
04/18/13,-0.021276329249587188
04/17/13,-0.013625371233132117
04/16/13,0.01463046449114184
04/15/13,-0.010277810538336965
04/12/13,-0.00043018395468527907
04/11/13,0.0002657767192302063
04/10/13,0.01611265542618003
04/09/13,0.003613533282431582
04/08/13,-0.010471864584418499
04/05/13,-0.015118144765117596
04/04/13,-0.013805509510917647
04/03/13,-0.00841286462351158
04/02/13,0.014790468547568889
04/01/13,0.00881403313900584
03/28/13,-0.010552394672110091
03/27/13,-0.012013512030175167
03/26/13,0.003433667535602148
03/25/13,-0.0008268986089329146
03/22/13,-0.0011709654234014634
03/21/13,-0.004234656125467026
03/20/13,0.0041783472828230235
03/19/13,0.004369982929583063
03/18/13,-0.007994631276173749
03/15/13,-0.008812700944580755
03/14/13,-0.004567980234689759
03/13/13,-0.002779050291122648
03/12/13,-0.008636628806040714
03/11/13,0.003968615256791467
03/08/13,-0.0012970947131398134
03/07/13,0.0014674526054662617
03/06/13,-0.008609607153406458
03/05/13,0.02081556622300876
03/04/13,0.018990535884821066
03/01/13,0.006228168270788112
02/28/13,0.0017755335630300594
02/27/13,0.012213164920182009
02/26/13,-0.0008093684394973776
02/25/13,-0.011179051970934996
02/22/13,0.005254405044388339
02/21/13,0.00387400975364384
02/20/13,-0.017834837660598492
02/19/13,0.017606513414103145
02/15/13,0.006435424356944094
02/14/13,0.006335808104724004
02/13/13,0.002766724904927402
02/12/13,-0.0021982865501446822
02/11/13,-0.0037562447744626647
02/08/13,0.014755507587768786
02/07/13,0.004907986116156493
02/06/13,0.0057852481019301846
02/05/13,0.008853574364492045
02/04/13,-0.02137705090069176
02/01/13,0.026346838867747878
01/31/13,0.002467363888089498
01/30/13,0.00019898837816968671
01/29/13,0.003929564675249057
01/28/13,-0.0039009036990459147
01/25/13,-0.0007160347380702086
01/24/13,0.01714092663273302
01/23/13,0.054960424714147284
01/22/13,-0.0023279095031090427
01/18/13,-0.009573715738430301
01/17/13,-0.0054111237161713075
01/16/13,-0.013435842394832542
01/15/13,0.002322902876182352
01/14/13,-0.022621928407396484
01/11/13,-0.0020094944934037364
01/10/13,0.004552133859313219
01/09/13,0.006573027589176521
01/08/13,-0.0019735366770689067
01/07/13,-0.0043632820486143135
01/04/13,0.019760361621871267
01/03/13,0.0005807464794665615
01/02/13,0.022434890734480864
12/31/12,0.010528406626733463
12/28/12,-0.008891504979011543
12/27/12,-0.003639608138267076
12/26/12,-0.000887915843589578
12/24/12,-0.008565889557318901
12/21/12,-0.009316722537768402
12/20/12,0.0031244945731050988
12/19/12,-0.0013312790381064814
12/18/12,0.00040229081310319493
12/17/12,0.026810695241216775
12/14/12,-0.0010530923831978114
12/13/12,0.007368516007306544
12/12/12,0.0009758211072700135
12/11/12,0.016719630061693108
12/10/12,0.0017684991177475292
12/07/12,-0.0100125958965736
12/06/12,0.004812257436890188
12/05/12,-0.00464521839983967
12/04/12,-0.006069734098855608
12/03/12,-0.004467528174525993
11/30/12,0.009365572754069896
11/29/12,0.012023385201121917
11/28/12,0.019322832872831718
11/27/12,0.014459641874224265
11/26/12,-0.010210074404875228
11/23/12,0.0031537751863503433
11/21/12,-0.00611962774546275
11/20/12,0.0026338894371460723
11/19/12,0.03249483882957228
11/16/12,-0.0001236161611363125
11/15/12,-0.008106685520460215
11/14/12,-0.009862651549784362
11/13/12,-0.010286894694416784
11/12/12,0.004328661247075333
11/09/12,0.01646506132501365
11/08/12,-0.022229848113929966
11/07/12,-0.021416493328136523
11/06/12,-0.0018155976923349111
11/05/12,-0.007210126957261699
11/02/12,0.00047997956326507055
11/01/12,0.01071583170077758
10/31/12,0.007627886878061768
10/26/12,-0.0038508718831646786
10/25/12,0.0006791240369940371
10/24/12,-0.004482933444501544
10/23/12,0.002475399553211469
10/22/12,-0.004576170913936812
10/19/12,-0.019007245602647854
10/18/12,-0.08006721868532224
10/17/12,0.014489037694075097
10/16/12,0.005020388993668492
10/15/12,-0.0050620982898872315
10/12/12,-0.008955615443473538
10/11/12,0.00929408707567343
10/10/12,0.0006315857903777263
10/09/12,-0.01814361231910983
10/08/12,-0.01277927393110372
10/05/12,-0.0005207902104483575
10/04/12,0.007278637123520161
10/03/12,0.007278850573259676
10/02/12,-0.006287879871750723
10/01/12,0.009648763931209819
09/28/12,-0.002643783974066585
09/27/12,0.004034690109179412
09/26/12,0.005739834653399694
09/25/12,-0.0002935752354089229
09/24/12,0.020967575251202235
09/21/12,0.008061863752169595
09/20/12,0.0008522203663996628
09/19/12,0.012836187548299016
09/18/12,0.011690523398443444
09/17/12,0.0004226512248630578
09/14/12,0.005155597890880515
09/13/12,0.021942945528491634
09/12/12,-0.001892463692606839
09/11/12,-0.012243696075460733
09/10/12,-0.007618796878568398
09/07/12,0.009651126194625126
09/06/12,0.027441510215446545
09/05/12,-0.00046984187975107123
09/04/12,-0.005911595768587539
08/31/12,0.005002274654277981
08/30/12,-0.00920040819418561
08/29/12,0.015887734741404282
08/28/12,0.01199911314080398
08/27/12,-0.013866195910087017
08/24/12,0.0027039230191598434
08/23/12,-0.0005611816480317961
08/22/12,0.011456138293643454
08/21/12,-0.008926229986032657
08/20/12,-0.0023628313704721453
08/17/12,0.006345909659071489
08/16/12,0.007984575539300438
08/15/12,-0.001675032066420145
08/14/12,0.013105920683279669
08/13/12,0.02805296499689168
08/10/12,-0.000544875937453169
08/09/12,0.00018687338709566466
08/08/12,0.002638344777985389
08/07/12,-0.003546868171295765
08/06/12,0.002323296817735764
08/03/12,0.020007945450629963
08/02/12,-0.006211701311846289
08/01/12,-0.0004580994055752296
07/31/12,0.0010595985442524408
07/30/12,-0.004189269711245288
07/27/12,0.03521587122355259
07/26/12,0.008832427412229555
07/25/12,0.0006912204481864522
07/24/12,-0.01289985258551951
07/23/12,0.007678201698058179
07/20/12,0.029946458690991624
07/19/12,0.021179072884425162
07/18/12,0.006987677107814698
07/17/12,0.0031482310371764273
07/16/12,-0.002775216200404051
07/13/12,0.010587592535404828
07/12/12,-0.0012429981201579786
07/11/12,-0.018067749396828488
07/10/12,-0.0073548918689073815
07/09/12,5.122689559475075e-05
07/06/12,-0.01668010939194901
07/05/12,0.013762523513319384
07/03/12,0.0126793877357923
07/02/12,0.0006895597284500266
06/29/12,0.027927954628286532
06/28/12,-0.008765165379480824
06/27/12,0.008181577867329032
06/26/12,0.007098293680131657
06/25/12,-0.01886330727263802
06/22/12,0.011093216684407933
06/21/12,-0.021298367545202774
06/20/12,-0.006912725422316155
06/19/12,0.018708870387263807
06/18/12,0.011231012445105272
06/15/12,0.00976661385067265
06/14/12,-0.0036358275726946277
06/13/12,-0.007096034880669988
06/12/12,-0.005980698027291129
06/11/12,-0.020587508459206916
06/08/12,0.0038393407899532223
06/07/12,-0.004030479963986601
06/06/12,0.01781165831478972
06/05/12,-0.014137748745287771
06/04/12,0.013327890704133078
06/01/12,-0.01700921272054429
05/31/12,-0.012529096134684644
05/30/12,-0.01028037029019547
05/29/12,0.0047503799454462325
05/25/12,-0.020094015640513267
05/24/12,-0.009516687113555265
05/23/12,0.01441415548606444
05/22/12,-0.02167367026954537
05/21/12,0.022834794786932944
05/18/12,-0.03635343894805155
05/17/12,-0.009349196288290059
05/16/12,0.02916009281210669
05/15/12,0.011771497969683764
05/14/12,-0.0020322764603066383
05/11/12,-0.013737311858787673
05/10/12,0.007403768549131133
05/09/12,-0.005940041460952661
05/08/12,0.008624850437212526
05/07/12,0.01772278831937227
05/04/12,-0.02299427563365216
05/03/12,0.00619166347190442
05/02/12,0.004682140742334839
05/01/12,-0.0006944281477557974
04/30/12,-0.016472064433543588
04/27/12,-0.0007961243491385016
04/26/12,0.00943053890736643
04/25/12,0.014053604761447964
04/24/12,0.006141258520445304
04/23/12,0.0025836187738548584
04/20/12,-0.005406315987403465
04/19/12,-0.013416745010772238
04/18/12,-0.003477822518568454
04/17/12,0.005774924747494202
04/16/12,-0.029667006168450874
04/13/12,-0.040567766842910205
04/12/12,0.02366506660452618
04/11/12,0.014516735874567727
04/10/12,-0.0063090657629345
04/09/12,-0.0023405142720019333
04/05/12,-0.00445567869780692
04/04/12,-0.011624247544431797
04/03/12,-0.006646869041031441
04/02/12,0.00885777942592581
03/30/12,-0.011057761035311526
03/29/12,-0.011208396672191645
03/28/12,0.013508043128231766
03/27/12,-0.0035574450499738937
03/26/12,0.01048872445468721
03/23/12,-0.005355626485408635
03/22/12,0.009484720838220478
03/21/12,0.0102448253552449
03/20/12,-0.0007728803283873403
03/19/12,0.014303087713027253
03/16/12,0.006294954956415074
03/15/12,0.008344265164660263
03/14/12,-0.002897489516901664
03/13/12,0.020870941484448586
03/12/12,0.008163182727532949
03/09/12,-0.011348267493997788
03/08/12,0.0005603412867024839
03/07/12,0.0030415250808512634
03/06/12,-0.015124136433036617
03/05/12,-0.011267632739361556
03/02/12,-0.0018476620538454332
03/01/12,0.0067125254768842894
02/29/12,-0.00022637431806740499
02/28/12,0.014902082040015212
02/27/12,-0.0009674248513156042
02/24/12,0.00625304293263268
02/23/12,-0.0030101902395971566
02/22/12,-0.009869680323266
02/21/12,0.01548022674332192
02/17/12,-0.003099658436002751
02/16/12,0.0015853183396283674
02/15/12,-0.006887973013733708
02/14/12,-0.0039855560228224405
02/13/12,0.010381024761846255
02/10/12,-0.009076572619088348
02/09/12,0.0026399205144528796
02/08/12,0.005076130642585569
02/07/12,-0.003808967102237918
02/06/12,0.021397530724057357
02/03/12,0.019175880882944803
02/02/12,0.007368800852155791
02/01/12,0.0012410991372851035
01/31/12,0.004189076093801969
01/30/12,-0.003948387494247825
01/27/12,0.020911803745613303
01/26/12,-0.0024408122985192723
01/25/12,-0.019692556085367213
01/24/12,-0.007839110040683715
01/23/12,-0.0008020900517877152
01/20/12,-0.08377507296627328
01/19/12,0.010522825989964396
01/18/12,0.0068885619338409
01/17/12,0.005744101983657937
01/13/12,-0.007385165261808045
01/12/12,0.005878973241327335
01/11/12,0.004525436171816163
01/10/12,0.0010924849884988267
01/09/12,-0.04239870743988189
01/06/12,-0.013641662343098087
01/05/12,-0.013871474206469727
01/04/12,0.00431317585288001
01/03/12,0.03020589786525592
12/30/11,0.005448332233185757
12/29/11,0.004220669951468192
12/28/11,-0.000858987097276507
12/27/11,0.011229719674188428
12/23/11,0.00546287198180261
12/22/11,0.006199912937365612
12/21/11,-0.0072180014858481386
12/20/11,0.01373367130307188
12/19/11,-0.0065978446911890785
12/16/11,0.010362479218267147
12/15/11,0.002378416790368843
12/14/11,-0.01208386633214326
12/13/11,0.0003838107181882731
12/12/11,-0.003235539891114989
12/09/11,0.018456351411420442
12/08/11,-0.011774381692705501
12/07/11,-0.0006091330727857192
12/06/11,-0.0030048860044294104
12/05/11,0.008527338801059874
12/02/11,0.01073688210801026
12/01/11,0.02399104570894231
11/30/11,0.028236711057429698
11/29/11,-0.0089426884580366
11/28/11,0.04474236680703219
11/25/11,-0.012471253891955528
11/23/11,-0.017051654537719594
11/22/11,-0.0016181248955820808
11/21/11,-0.02343328775511017
11/18/11,-0.00996891106366654
11/17/11,-0.017335285155762478
11/16/11,-0.008255469119465085
11/15/11,0.005807580027685368
11/14/11,0.007643618915168363
11/11/11,0.022299437686194256
11/10/11,-0.009767873848271113
11/09/11,-0.018600688367228252
11/08/11,0.006591769382213029
11/07/11,0.02044819776756883
11/04/11,-0.0022761444043748664
11/03/11,0.021681953865763333
11/02/11,0.01066266481873365
11/01/11,-0.023606212684695954
10/31/11,-0.012497070136027117
10/28/11,0.0024554898592935135
10/27/11,0.021080996521556816
10/26/11,0.005401514631387461
10/25/11,-0.022232598196234764
10/24/11,0.010042472846830828
10/21/11,0.011684725407610064
10/20/11,0.0051145412377939
10/19/11,-0.01661277488113597
10/18/11,0.013907749618728142
10/17/11,-0.015667301410470236
10/14/11,0.05848048011788262
10/13/11,0.01912484443967078
10/12/11,0.009794244627867764
10/11/11,0.01118824918295011
10/10/11,0.04280554496309933
10/07/11,0.0007965239699397814
10/06/11,0.01983357359737632
10/05/11,0.005578813258732849
10/04/11,0.012875352227070399
10/03/11,-0.03789992140810572
09/30/11,-0.023620931857809516
09/29/11,-0.002533780247537792
09/28/11,-0.019468285632762015
09/27/11,0.014006658429055944
09/26/11,0.012140634449182144
09/23/11,0.009315140646437863
09/22/11,-0.03438437825530955
09/21/11,-0.013592316285646784
09/20/11,-7.318107295100368e-05
09/19/11,-1.826655277427887e-05
09/16/11,0.007593631882578111
09/15/11,0.01971540833181232
09/14/11,0.004815657493760758
09/13/11,-0.0011317368738185951
09/12/11,0.010040933077261572
09/09/11,-0.018898643474094586
09/08/11,0.0017414516357404446
09/07/11,0.022693393243299404
09/06/11,-0.005068246991244424
09/02/11,-0.01438500074312607
09/01/11,-0.01563885818933949
08/31/11,0.0004808679353547553
08/30/11,0.0030051227387490336
08/29/11,0.02319403399101059
08/26/11,0.013114421522370839
08/25/11,-0.006210685005454665
08/24/11,0.008615705114849208
08/23/11,0.041451627792514684
08/22/11,0.01476819892208154
08/19/11,-0.027650130627815673
08/18/11,-0.05302441485165126
08/17/11,-0.010853491875513578
08/16/11,-0.03271539652183629
08/15/11,-0.011600451165666631
08/12/11,0.0029174274185716793
08/11/11,0.02389763202352145
08/10/11,-0.0425524740463422
08/09/11,0.05016299780191382
08/08/11,-0.05702547495572028
08/05/11,0.0026319779097053477
08/04/11,-0.03933998834787883
08/03/11,0.014804278635894065
08/02/11,-0.02368279166616683
08/01/11,0.005101929213826223
07/29/11,-0.011866917627448573
07/28/11,0.006126191006079065
07/27/11,-0.024577510863633703
07/26/11,0.0057191094944144495
07/25/11,0.0012131277100506058
07/22/11,0.018517655846412368
07/21/11,0.019551464004718126
07/20/11,-0.011949186758623595
07/19/11,0.012791242282597239
07/18/11,-0.004484543109596584
07/15/11,0.1298447025672957
07/14/11,-0.017315090866937503
07/13/11,0.00795865341138312
07/12/11,0.012763551302051361
07/11/11,-0.008853495717473925
07/08/11,-0.026728827209778726
07/07/11,0.02099516085695886
07/06/11,0.005484231449008669
07/05/11,0.02189888659090934
07/01/11,0.028930871074934018
06/30/11,0.01770604779482887
06/29/11,0.007940855752261602
06/28/11,0.022473062644625154
06/27/11,0.016677868805729437
06/24/11,-0.011119856801086481
06/23/11,-0.013942226466623651
06/22/11,-0.012150141260143747
06/21/11,0.017375915975006716
06/20/11,-0.0009071725200550278
06/17/11,-0.030677327486747407
06/16/11,-0.005129752382306164
06/15/11,-0.010661505001758251
06/14/11,0.00721177286467848
06/13/11,-0.009381556888975717
06/10/11,-0.013972508383740662
06/09/11,-0.004699731251506543
06/08/11,0.0002697100594872902
06/07/11,-0.003895982109576098
06/06/11,-0.003861731362834629
06/03/11,-0.009430675733159486
06/02/11,0.004680352692839885
06/01/11,-0.006464781682897181
05/31/11,0.015588373796839134
05/27/11,0.005346122371215965
05/26/11,-0.0029634032937899237
05/25/11,0.0027206230771209543
05/24/11,-0.0002507796138665493
05/23/11,-0.010762664143582316
05/20/11,-0.01359061557756767
05/19/11,0.0027179708634956735
05/18/11,-0.0012253709102876414
05/17/11,0.0232244471186305
05/16/11,-0.02101785327331694
05/13/11,-0.010279467340284223
05/12/11,-0.0007470219539478368
05/11/11,-0.013286346484537172
05/10/11,0.009261940829661343
05/09/11,0.004446070226632262
05/06/11,0.0019279226600924292
05/05/11,-0.0028369694167954805
05/04/11,0.0035588584856562056
05/03/11,-0.008671318540478753
05/02/11,-0.010181906175877404
04/29/11,0.01139470173146767
04/28/11,0.00039041835308389894
04/27/11,0.00927145484959907
04/26/11,0.0147985574399959
04/25/11,-9.520444667862102e-05
04/21/11,-0.0011982886262964982
04/20/11,0.008053244811298883
04/19/11,-0.010078942144408926
04/18/11,-0.007273516850229213
04/15/11,-0.082643250204959
04/14/11,0.003869552649669309
04/13/11,0.009936802361929942
04/12/11,-0.011708239047243617
04/11/11,-0.0013664001251781617
04/08/11,-0.0031724156946432093
04/07/11,0.01013611058808601
04/06/11,0.0089440860493535
04/05/11,-0.03163283939931048
04/04/11,-0.006961812620224077
04/01/11,0.008589542893522505
03/31/11,0.008456010137017678
03/30/11,0.00018903902323992003
03/29/11,0.011071291785169973
03/28/11,-0.00755511766607024
03/25/11,-0.012182845807551964
03/24/11,0.008124919355384192
03/23/11,0.008383626193424545
03/22/11,0.0014223030389061075
03/21/11,0.027519414516358122
03/18/11,-0.0005344363724978569
03/17/11,0.007646721255206166
03/16/11,-0.021876502130167293
03/15/11,-0.0007544217434186212
03/14/11,-0.01165226553531659
03/11/11,-0.006186466297818492
03/10/11,-0.019382559045079177
03/09/11,-0.0009116518993092798
03/08/11,0.0010985196859231317
03/07/11,-0.014917874292435258
03/04/11,-0.014666316263623755
03/03/11,0.014597433515014259
03/02/11,4.9969936559904685e-05
03/01/11,-0.020606513288974615
02/28/11,0.005507869793522935
02/25/11,0.002003890657840234
02/24/11,-0.004089506722442454
02/23/11,0.0018190146842431661
02/22/11,-0.031535640699665725
02/18/11,0.00770879479711144
02/17/11,0.0016661068984950033
02/16/11,0.0001120944860001223
02/15/11,-0.00636788219056844
02/14/11,0.005844650197186239
02/11/11,0.013075082921983663
02/10/11,-9.728761897465761e-05
02/09/11,-0.003040209825873166
02/08/11,0.006658058647499637
02/07/11,0.005417573696129928
02/04/11,0.0013603274427207417
02/03/11,-0.003022952562758362
02/02/11,0.0015711007110797359
02/01/11,0.01778935826705868
01/31/11,-0.001048234241716585
01/28/11,-0.02561654549484509
01/27/11,0.00047043511125279864
01/26/11,-0.00550081594658771
01/25/11,0.014449776989914842
01/24/11,-0.001225817534896022
01/21/11,-0.023836506227511732
01/20/11,-0.007882802702238859
01/19/11,-0.012319642174980421
01/18/11,0.024752423087538767
01/14/11,0.012145495233062518
01/13/11,-0.00029178514363117745
01/12/11,0.0013961197158282792
01/11/11,0.0029305858425586113
01/10/11,-0.003617558808900712
01/07/11,0.004792169507856675
01/06/11,0.007273373981638678
01/05/11,0.011542591719802889
01/04/11,-0.0036899246860709633
01/03/11,0.01747564374798331
12/31/10,-0.008165555692756628
12/30/10,-0.003560748976537593
12/29/10,0.0034729720730700296
12/28/10,-0.005743887039081707
12/27/10,-0.003061726559901397
12/23/10,-0.0020809866589340796
12/22/10,0.004012780271632258
12/21/10,0.01346085167255148
12/20/10,0.007210538916461101
12/17/10,-0.0015379383750552373
12/16/10,0.0023885957816391834
12/15/10,-0.007749050009062434
12/14/10,0.00048774551637048986
12/13/10,0.00406950488894559
12/10/10,0.0012003179299130988
12/09/10,0.0016256399246893
12/08/10,0.005790824922388872
12/07/10,0.01518082204411064
12/06/10,0.009354243130646676
12/03/10,0.0020635913039940977
12/02/10,0.013236527107983528
12/01/10,0.01554766478141433
11/30/10,-0.04535231723037008
11/29/10,-0.01337287513944833
11/26/10,-0.008353322903134251
11/24/10,0.02051423776157443
11/23/10,-0.013886502737671632
11/22/10,0.0006599950437854357
11/19/10,-0.009604993001636438
11/18/10,0.022294592422587373
11/17/10,-0.00029124846365659795
11/16/10,-0.019732303389366605
11/15/10,-0.012962314559548655
11/12/10,-0.02252140900324452
11/11/10,-0.009135002786798662
11/10/10,-0.0031048698123545453
11/09/10,-0.003111238060771694
11/08/10,0.0027036978684674825
11/05/10,0.0012974670307557307
11/04/10,0.006594929024332068
11/03/10,0.007439843167052267
11/02/10,0.0009756429281846779
11/01/10,0.002118332336586693
10/29/10,-0.00788910198862844
10/28/10,0.003422700538536641
10/27/10,-0.003443201166571766
10/26/10,0.003406333134006241
10/25/10,0.006481258228190809
10/22/10,0.0008824336977761242
10/21/10,0.006595560807925194
10/20/10,0.0002467393210815981
10/19/10,-0.015994517061946135
10/18/10,0.027034662514026433
10/15/10,0.1118813964133473
10/14/10,-0.004362222681972633
10/13/10,0.0035280018925762137
10/12/10,0.004732367967515975
10/11/10,0.004642512149098241
10/08/10,0.011961960366353833
10/07/10,-0.008122013923457674
10/06/10,-0.007208753881079468
10/05/10,0.03040103174321841
10/04/10,-0.006221268244393615
10/01/10,-0.00032333733383599263
09/30/10,-0.0036005586499451825
09/29/10,0.0009864153840773255
09/28/10,-0.006108488140786994
09/27/10,0.005917023708803846
09/24/10,0.026894957440085906
09/23/10,-0.004883719381906512
09/22/10,0.004946837468619473
09/21/10,0.010191209420112939
09/20/10,0.03698865316653473
09/17/10,0.018895778435374506
09/16/10,0.0008738241576708336
09/15/10,0.0004371364057564351
09/14/10,-0.0038152922698283073
09/13/10,0.012874380331410718
09/10/10,-8.401002881805846e-05
09/09/10,0.011900235868284299
09/08/10,0.01330749228743085
09/07/10,-0.01254523472404605
09/03/10,0.015371999163101696
09/02/10,0.006191206763998754
09/01/10,0.022910124339905455
08/31/10,-0.005898082068795712
08/30/10,-0.013381852600516907
08/27/10,0.017406520659687445
08/26/10,-0.00800667843019109
08/25/10,0.0071556462418078046
08/24/10,-0.027323420777579037
08/23/10,0.0044370035986583
08/20/10,-0.012714456031804431
08/19/10,-0.02940993039819885
08/18/10,-0.017063523493327536
08/17/10,0.010152595316574713
08/16/10,-0.0015626769910497367
08/13/10,-0.011503812535869714
08/12/10,0.0005490488042951987
08/11/10,-0.023763657294522345
08/10/10,-0.0032452865914872984
08/09/10,0.01025547980926502
08/06/10,-0.015508778813910419
08/05/10,0.0035156091978427147
08/04/10,0.033664706549516074
08/03/10,-0.0011826562013148474
08/02/10,0.01146742043091945
07/30/10,-0.00028864432324731434
07/29/10,0.0013213466557610123
07/28/10,-0.016807753108405137
07/27/10,0.007485117692047823
07/26/10,-0.002224170611846526
07/23/10,0.010828946778073372
07/22/10,0.015308926270989152
07/21/10,-0.00849271974173667
07/20/10,0.033055883733070425
07/19/10,0.014294737075120904
07/16/10,-0.06965302836308673
07/15/10,0.0054544525248402245
07/14/10,0.004374509885287782
07/13/10,0.02809825724942769
07/12/10,0.01783998297782544
07/09/10,0.02393984153068021
07/08/10,0.014127110083097338
07/07/10,0.03240299314155856
07/06/10,-0.0010994678417338734
07/02/10,-0.006689631098900577
07/01/10,-0.012271026229097282
06/30/10,-0.020494880794936762
06/29/10,-0.0377478256340391
06/28/10,-0.0012693288732027839
06/25/10,-0.005093701149188114
06/24/10,-0.014417581387981436
06/23/10,-0.008637553738372699
06/22/10,-0.004728155637350179
06/21/10,-0.022938594087571457
06/18/10,-0.00010002776645245257
06/17/10,-0.0023739516965717903
06/16/10,0.006586496080801816
06/15/10,0.03062974772154345
06/14/10,-0.010869993173007146
06/11/10,0.0030594895134344272
06/10/10,0.02740391786710223
06/09/10,-0.022195633369407594
06/08/10,-0.0015241514508616799
06/07/10,-0.026467797397020713
06/04/10,-0.013607593341573347
06/03/10,0.024788686848710936
06/02/10,0.02280407116366484
06/01/10,-0.006712878518109694
05/28/10,-0.009847936269192257
05/27/10,0.031526693480544085
05/26/10,-0.0033538047237315232
05/25/10,-0.0001886070713885526
05/24/10,0.01082511171759712
05/21/10,-0.0062314433317628695
05/20/10,-0.03927753413465265
05/19/10,-0.007905787345861911
05/18/10,-0.018898745673909784
05/17/10,0.0008669375115161776
05/14/10,-0.0065573184225347055
05/13/10,0.01086292394175807
05/12/10,-0.0071898597199955795
05/11/10,-0.024154126127227463
05/10/10,0.057813190255493536
05/07/10,-0.011089472250655588
05/06/10,-0.021755332385715302
05/05/10,0.006694667417301688
05/04/10,-0.04566524131373531
05/03/10,0.009320926346443414
04/30/10,-0.011842133610582225
04/29/10,0.00530998771540784
04/28/10,0.00024572572723005674
04/27/10,-0.004852924932460427
04/26/10,-0.024495904934734965
04/23/10,-0.00378383420257065
04/22/10,-0.01306149809877136
04/21/10,-0.0013332480460098886
04/20/10,0.008980215858907273
04/19/10,-9.086950518966598e-05
04/16/10,-0.07584418891515428
04/15/10,0.010696123665304296
04/14/10,0.003800477100034807
04/13/10,0.024514129334936043
04/12/10,0.011497348052836908
04/09/10,-0.0022379294095493897
04/08/10,0.007009250880239564
04/07/10,-0.00823626969234426
04/06/10,-0.004886009867903598
04/05/10,0.003885326932970048
04/01/10,0.002962299594988307
03/31/10,0.0007235463282846223
03/30/10,0.007573982476121169
03/29/10,-0.00042657834262502687
03/26/10,-0.00033751325511778205
03/25/10,0.009958231359762983
03/24/10,0.015173033714158657
03/23/10,-0.0152466421723313
03/22/10,-0.004464280798668969
03/19/10,-0.01129942929700684
03/18/10,0.0014852353620486134
03/17/10,0.0006369196785643044
03/16/10,0.003586765242569358
03/15/10,-0.02822925355492048
03/12/10,-0.002753157093527184
03/11/10,0.008136004022705605
03/10/10,0.029025863889221855
03/09/10,-0.0040713372201944785
03/08/10,-0.0030661798175392056
03/05/10,0.01734608906055346
03/04/10,0.016999246387713454
03/03/10,0.007873412217681217
03/02/10,0.015712702035432694
03/01/10,0.01118066760942405
02/26/10,0.0007029140377619388
02/25/10,-0.009483132446967269
02/24/10,-0.006728073602117024
02/23/10,-0.014241044146357094
02/22/10,0.003772521119609127
02/19/10,-0.004528536115723143
02/18/10,0.009308597671105139
02/17/10,-0.005708423680382736
02/16/10,0.015343561595809546
02/12/10,-0.006114856396744001
02/11/10,0.0036486682933664512
02/10/10,-0.003709709438748864
02/09/10,0.005567349381239022
02/08/10,0.0041032507809790454
02/05/10,0.008561459872120166
02/04/10,-0.02596053889906525
02/03/10,0.018263254682267856
02/02/10,-0.003564554672473889
02/01/10,0.005811947970512844
01/29/10,-0.008141616768660286
01/28/10,-0.014407025608031736
01/27/10,-0.0005899139278777543
01/26/10,0.004481454357037596
01/25/10,-0.01819962364895333
01/22/10,-0.0565542252050714
01/21/10,0.004427837127639349
01/20/10,-0.0122697809478658
01/19/10,0.013137944349545896
01/15/10,-0.0166991871333726
01/14/10,0.004701157562842578
01/13/10,-0.0057411575583850615
01/12/10,-0.017683896989579583
01/11/10,-0.0015116001803307747
01/08/10,0.0133311171748667
01/07/10,-0.023279508842351915
01/06/10,-0.02520874646297042
01/05/10,-0.004403670643777081
01/04/10,0.010919661040205537
12/31/09,-0.004415966201983185
12/30/09,0.005376071594548233
12/29/09,-0.005570967414164823
12/28/09,0.007098030462813016
12/24/09,0.01111700867191711
12/23/09,0.017567210854485392
12/22/09,0.004075565035325615
12/21/09,0.0037893194941599744
12/18/09,0.004175443855855304
12/17/09,-0.006390507096278046
12/16/09,0.0077891149660419354
12/15/09,-0.004347595522138386
12/14/09,0.00883980286488291
12/11/09,-0.0016737503441937311
12/10/09,0.004210423026217422
12/09/09,0.0033557699279062503
12/08/09,0.0013645779485387183
12/07/09,0.002119592136010061
12/04/09,-0.0012462184858725509
12/03/09,-0.0030127780135493646
12/02/09,-0.0040008977165877195
12/01/09,0.011783899355162386
11/30/09,0.00558852839115046
11/27/09,-0.010209260159114393
11/25/09,0.004544702843576574
11/24/09,0.0012707272438005205
11/23/09,0.021738397310496132
11/20/09,-0.005288140606026941
11/19/09,-0.0063469523213676255
11/18/09,-0.0014545528569399075
11/17/09,0.002099608920055515
11/16/09,0.007394512015878003
11/13/09,0.007396334810099534
11/12/09,-0.004749734794927013
11/11/09,0.006704809560987282
11/10/09,0.00755542239677158
11/09/09,0.020704008507907823
11/06/09,0.004465516078433581
11/05/09,0.015398015496801963
11/04/09,0.0056579830365993755
11/03/09,0.006179855211028818
11/02/09,-0.003972920691702298
10/30/09,-0.027093765318447927
10/29/09,0.019896317480699092
10/28/09,-0.014572544160940478
10/27/09,-0.010681860575946297
10/26/09,0.0009391656043816958
10/23/09,-0.000721887993272968
10/22/09,0.00542548700973399
10/21/09,-0.0011237408879344812
10/20/09,-0.0006702440113847382
10/19/09,0.00407382704662102
10/16/09,0.037629029145850895
10/15/09,-0.010106054843972267
10/14/09,0.017505827331618252
10/13/09,0.003950053954843964
10/12/09,0.015089616926641382
10/09/09,0.004025796934217487
10/08/09,-0.006492172484856154
10/07/09,0.03769493218751635
10/06/09,0.020920368467037386
10/05/09,0.008130763553772808
10/02/09,-0.005377694771808249
10/01/09,-0.017444804650843186
09/30/09,-0.005375786256914638
09/29/09,0.0
09/28/09,0.012284753764546665
09/25/09,-0.00863579982459228
09/24/09,-0.0033904333169817833
09/23/09,-0.001202236940953761
09/22/09,0.004144870096624483
09/21/09,0.011272545278960587
09/18/09,-0.0005287669875143335
09/17/09,0.007024482610649688
09/16/09,0.022511230322944296
09/15/09,0.005093419270750282
09/14/09,0.006311686883436503
09/11/09,0.002548113872598165
09/10/09,0.01502251656044062
09/09/09,0.011665420973636135
09/08/09,-0.005809648205153786
09/04/09,0.008261964216156848
09/03/09,0.00995557632439927
09/02/09,-0.006033843581831646
09/01/09,-0.012801373071194668
08/31/09,-0.00662717958255163
08/28/09,-0.0028108107764461686
08/27/09,-0.004145330591847226
08/26/09,-0.007149387435450091
08/25/09,0.00563227628671727
08/24/09,0.007501484101923263
08/21/09,0.010490690974470841
08/20/09,0.037029509836275336
08/19/09,-0.002941983562604802
08/18/09,0.0008766368124273415
08/17/09,-0.03284785367410918
08/14/09,-0.004932075291214042
08/13/09,0.008068393559305791
08/12/09,0.010221636025219851
08/11/09,-0.005847451334649435
08/10/09,-0.0010719550864611042
08/07/09,0.014965768664357953
08/06/09,-0.001728913159955666
08/05/09,-0.005708229682512908
08/04/09,0.0033612478327273
08/03/09,0.02067486566017749
07/31/09,-0.005811854907088409
07/30/09,0.02154777348161
07/29/09,-0.008207362112195974
07/28/09,-0.011128602875914861
07/27/09,-0.004298018333577021
07/24/09,0.02144783513037469
07/23/09,0.022563117998953858
07/22/09,-0.0004908002785765286
07/21/09,-0.00527694137474269
07/20/09,-0.0001859611681346562
07/17/09,-0.027903326112741964
07/16/09,0.010110290837881234
07/15/09,0.03174078414532961
07/14/09,0.0009191773767076758
07/13/09,0.023889900665803005
07/10/09,0.009771195736236776
07/09/09,0.019627853262329995
07/08/09,0.014774439505079203
07/07/09,-0.0316886521676973
07/06/09,0.002741797727136701
07/02/09,-0.02506025341237223
07/01/09,-0.0061671550709070586
06/30/09,-0.0060121353732024655
06/29/09,-0.0027743929350927767
06/26/09,0.022969440283174977
06/25/09,0.015832316022237895
06/24/09,0.008898585339851484
06/23/09,-0.004099652512669898
06/22/09,-0.03032680549031928
06/19/09,0.014563091539922935
06/18/09,-0.0026495641105177357
06/17/09,-0.002019282980137465
06/16/09,-0.0018475319562397342
06/15/09,-0.01899536330260255
06/12/09,-0.009696980648061898
06/11/09,-0.008321757449051713
06/10/09,-0.006932656497150356
06/09/09,-0.007179176837809368
06/08/09,-0.01249098162093077
06/05/09,0.009175953804607881
06/04/09,0.01999306033280135
06/03/09,0.00758634703437296
06/02/09,0.0043135806312470165
06/01/09,0.022361782611150256
05/29/09,0.016642323432157886
05/28/09,0.011934123057047987
05/27/09,0.002967669378366333
05/26/09,0.027598430487622363
05/22/09,-0.0075662138764846605
05/21/09,-0.0017120654168471974
05/20/09,-0.0042618918338011725
05/19/09,0.005140607066676698
05/18/09,0.017538450025599082
05/15/09,0.006451605736869839
05/14/09,-0.005236942236334316
05/13/09,-0.023733727236112844
05/12/09,-0.021986419526990507
05/11/09,0.0015957828917816698
05/08/09,0.027029052956808387
05/07/09,-0.017002496578551872
05/06/09,0.0011911032463537963
05/05/09,0.0025125559567195795
05/04/09,0.021057232517109985
05/01/09,-0.005758087140354349
04/30/09,0.011495184512136537
04/29/09,0.020223593240794983
04/28/09,-0.005803839791635869
04/27/09,-0.009088845315690406
04/24/09,0.012477576483511728
04/23/09,0.00216225641210498
04/22/09,0.006265230507358262
04/21/09,0.0057210600344129395
04/20/09,-0.03298996331784226
04/17/09,0.00900339142039798
04/16/09,0.024347849491175834
04/15/09,0.028706163943244677
04/14/09,-0.024331473377087284
04/13/09,0.015060399996887066
04/09/09,0.029005507575629735
04/08/09,0.009340596788136571
04/07/09,-0.026042830820323996
04/06/09,-0.004164611008070869
04/03/09,0.020082737410285597
04/02/09,0.023751038985583704
04/01/09,0.017324586883292876
03/31/09,0.015670131767992344
03/30/09,-0.01440900285568657
03/27/09,-0.015822686019061873
03/26/09,0.02679689316804118
03/25/09,-0.008929301832484682
03/24/09,-0.00410218622155916
03/23/09,0.0558517519325851
03/20/09,0.0006667800326415714
03/19/09,-0.009486621229256417
03/18/09,-0.006679852914688833
03/17/09,0.04895374962531052
03/16/09,-0.01457988191737433
03/13/09,0.0027508470274367953
03/12/09,0.017678012281796763
03/11/09,0.03160587742048978
03/10/09,0.05940394417759881
03/09/09,-0.05729657448702092
03/06/09,0.009586468158785683
03/05/09,-0.041640531650755715
03/04/09,-0.02015490967651544
03/03/09,-0.005135039341320252
03/02/09,-0.032042433867153726
02/27/09,0.00240228298612969
02/26/09,-0.013054630451874185
02/25/09,-0.01102910314210415
02/24/09,0.046627848702999415
02/23/09,-0.04730841118795043
02/20/09,0.011119552870926298
02/19/09,-0.02965083187657392
02/18/09,0.030496706164800717
02/17/09,-0.041992802002833875
02/13/09,-0.014791344254501912
02/12/09,0.013992794691378907
02/11/09,-0.0013109444993847164
02/10/09,-0.053488957372199976
02/09/09,0.02017346894433345
02/06/09,0.04964384557836724
02/05/09,0.03125362424130031
02/04/09,0.007490054452247659
02/03/09,-0.0003523083761159228
02/02/09,0.006026043484326601
01/30/09,-0.013952035785612103
01/29/09,-0.015344008516159212
01/28/09,0.051858387158685564
01/27/09,0.02349705592388701
01/26/09,-0.0025562173064384566
01/23/09,0.05938014211864066
01/22/09,0.01128413902832284
01/21/09,0.07190088784136665
01/20/09,-0.05646209395928765
01/16/09,0.0022743240233543092
01/15/09,-0.006578691054755103
01/14/09,-0.04247262099861735
01/13/09,0.005212790804581339
01/12/09,-0.007553913272155346
01/09/09,-0.03112019096630943
01/08/09,0.009875461833688542
01/07/09,-0.03607137502036093
01/06/09,0.01832035253740405
01/05/09,0.020944838808781275
01/02/09,0.04443362541312361
12/31/08,0.014978039529507322
12/30/08,0.019131230680921534
12/29/08,-0.009788234467931258
12/26/08,-0.008549249339144412
12/24/08,0.016542516831446592
12/23/08,0.003062783173841348
12/22/08,-0.042105937212967876
12/19/08,-0.00035451753641028115
12/18/08,-0.015734008086557637
12/17/08,-0.030865790606923987
12/16/08,0.04702741182841177
12/15/08,-0.016119806891021007
12/12/08,0.05176202002638045
12/11/08,-0.02784788868151861
12/10/08,0.009314633331244937
12/09/08,0.01277678185996407
12/08/08,0.06380507502439817
12/05/08,0.0351752847056302
12/04/08,-0.01821561842207121
12/03/08,0.01570278887922086
12/02/08,0.0342869846013359
12/01/08,-0.09206036872215628
11/28/08,0.0029785670125624573
11/26/08,0.03559650573567548
11/25/08,0.09559506654071978
11/24/08,-0.019014505309780633
11/21/08,0.011057174936998199
11/20/08,-0.07359554859070142
11/19/08,-0.057965191995793815
11/18/08,-0.008996377314648647
11/17/08,-0.031933447026057674
11/14/08,-0.006600866574310494
11/13/08,0.07243985931729169
11/12/08,-0.06569064461286579
11/11/08,-0.02296253863662419
11/10/08,-0.03732559764863041
11/07/08,-0.00024156086579787449
11/06/08,-0.03219963653328161
11/05/08,-0.06731343655562061
11/04/08,0.059020529799878214
11/03/08,-0.035813721397691796
10/31/08,-0.0009174541966551854
10/30/08,0.004720663074223691
10/29/08,-0.02915249660244206
10/28/08,0.11915377784833567
10/27/08,-0.02888382594432347
10/24/08,-0.036983452929685676
10/23/08,-0.009418767414569013
10/22/08,-0.01951764727204937
10/21/08,-0.04368341941174185
10/20/08,0.018199435716828697
10/17/08,0.055294340039239526
10/16/08,0.04083497042416966
10/15/08,-0.06490039290485507
10/14/08,-0.04805516973460309
10/13/08,0.14765059638061792
10/10/08,0.009179907373120346
10/09/08,-0.027003079697303964
10/08/08,-0.02283175133219033
10/07/08,-0.0678860988522241
10/06/08,-0.0405778696314064
10/03/08,-0.009167943867272993
10/02/08,-0.05156418165685056
10/01/08,0.027963641758374028
09/30/08,0.051233610616521916
09/29/08,-0.11609133819537094
09/26/08,-0.019472271621779995
09/25/08,0.010319233624814288
09/24/08,0.0136045245654735
09/23/08,-0.0020226150677241073
09/22/08,-0.04232435717800386
09/19/08,0.022934277578281013
09/18/08,0.05932590614468903
09/17/08,-0.06420879638118876
09/16/08,0.02090536395944734
09/15/08,-0.008682510870572471
09/12/08,0.009014379933698332
09/11/08,0.04730055620902248
09/10/08,-0.010748549655910825
09/09/08,-0.0030718049684371512
09/08/08,-0.05469893487024184
09/05/08,-0.013347825110121092
09/04/08,-0.030468782961075854
09/03/08,-0.001805458833026941
09/02/08,0.0042305826570457105
08/29/08,-0.02214103140434137
08/28/08,0.01109733650756044
08/27/08,-0.011768202307847414
08/26/08,-0.018322605852173053
08/25/08,-0.015450790412172268
08/22/08,0.008344856654338938
08/21/08,0.0031545851096495053
08/20/08,-0.011213045725984052
08/19/08,-0.015653162870625802
08/18/08,-0.02322847798816024
08/15/08,0.00921874070889893
08/14/08,0.010919395579350517
08/13/08,-0.005133222653989644
08/12/08,0.0035340772509831267
08/11/08,0.011777536434884352
08/08/08,0.03316495884042176
08/07/08,-0.014845610682502616
08/06/08,0.01352504781751026
08/05/08,0.03639308807896044
08/04/08,-0.010387669189969986
08/01/08,-0.012432734710930704
07/31/08,-0.018541569305052626
07/30/08,-0.000848624275972736
07/29/08,0.012554472080657493
07/28/08,-0.03020447124559472
07/25/08,0.034397233340169746
07/24/08,-0.02779937697728983
07/23/08,0.025382011533079993
07/22/08,0.017726095537122465
07/21/08,-0.026011841885083705
07/18/08,-0.09770542721180611
07/17/08,-0.004032827138298095
07/16/08,0.0378034635786605
07/15/08,-0.010601566718781935
07/14/08,-0.022817544728900987
07/11/08,-0.012523875716669432
07/10/08,-0.0018095786822094292
07/09/08,-0.023407193854467805
07/08/08,0.019525254475715178
07/07/08,0.012867820326983236
07/03/08,0.018897964095142484
07/02/08,-0.014381147021205012
07/01/08,0.015785918822192914
06/30/08,-0.0031246263932907933
06/27/08,-0.001418240476855655
06/26/08,-0.040254071160729765
06/25/08,0.016042837308318694
06/24/08,-0.005337459015501109
06/23/08,-0.0022325800322106023
06/20/08,-0.02458059307977705
06/19/08,-0.0038763045301839836
06/18/08,-0.01243287817507089
06/17/08,-0.005848314514083614
06/16/08,0.0022746065736700214
06/13/08,0.03356547647897992
06/12/08,0.014214984117303556
06/11/08,-0.016186404483351093
06/10/08,-0.006632430147882598
06/09/08,-0.016102259355832853
06/06/08,-0.03291826044161441
06/05/08,0.02460589239486469
06/04/08,0.008672629068419575
06/03/08,-0.013391230240798104
06/02/08,-0.018436385347080326
05/30/08,0.004802755384595401
05/29/08,0.025974965191774533
05/28/08,0.013086057748422154
05/27/08,0.02989246118369087
05/23/08,-0.00880871164108188
05/22/08,-0.0009636439561392389
05/21/08,-0.0494469564340761
05/20/08,0.0018701050756304068
05/19/08,-0.0043960023724108595
05/16/08,-0.0016006669426068976
05/15/08,0.008155449007048917
05/14/08,-0.011492294650088582
05/13/08,-0.00331655000942452
05/12/08,0.02048151874901279
05/09/08,-0.016826485923607682
05/08/08,0.006925683867222479
05/07/08,-0.012552022212942448
05/06/08,-0.01435526510080442
05/05/08,0.0234133821757718
05/02/08,-0.019879270844688657
05/01/08,0.03271868817555654
04/30/08,0.028327397091523713
04/29/08,0.011501135637777903
04/28/08,0.014814550773381679
04/25/08,0.0018782837906334822
04/24/08,-0.0063130461628441645
04/23/08,-0.015333313383106766
04/22/08,0.032001376005547394
04/21/08,-0.0030032844495322
04/18/08,0.19991545156025708
04/17/08,-0.012065171646356024
04/16/08,0.01832872578567696
04/15/08,-0.010671746310767517
04/14/08,-0.012657104380470564
04/11/08,-0.024793230305027964
04/10/08,0.010534467953018368
04/09/08,-0.007738171869306411
04/08/08,-0.01889600623595785
04/07/08,0.012163247664789953
04/04/08,0.035089661266950525
04/03/08,-0.02271849936151702
04/02/08,-2.1442440633262197e-05
04/01/08,0.05730243639311051
03/31/08,0.005455618973542562
03/28/08,-0.013511092067719195
03/27/08,-0.03079508883706307
03/26/08,0.016438164609461008
03/25/08,-0.021234999946229172
03/24/08,0.062299572928962224
03/20/08,0.0035879809748600076
03/19/08,-0.01630386732972087
03/18/08,0.04594283948059739
03/17/08,-0.04121759006335306
03/14/08,-0.011489565187541734
03/13/08,0.0064291797574212075
03/12/08,0.0007729698318689823
03/11/08,0.0633915499433503
03/10/08,-0.045528988305983696
03/07/08,0.001502149775065754
03/06/08,-0.033504542426122635
03/05/08,0.006972527100294692
03/04/08,-0.02717606677159095
03/03/08,-0.030052195480606017
02/29/08,-0.008855879535724148
02/28/08,0.005350389206604617
02/27/08,0.018677719041265188
02/26/08,-0.04574045715092657
02/25/08,-0.04206381671192294
02/22/08,0.009823780911081369
02/21/08,-0.012062855155514564
02/20/08,9.822153990658821e-05
02/19/08,-0.0390641996940328
02/15/08,-0.004903761251817801
02/14/08,-0.004433046963543284
02/13/08,0.0319056318601705
02/12/08,-0.005890700784873328
02/11/08,0.008651221818844649
02/08/08,0.023249842867355448
02/07/08,0.006457920379058572
02/06/08,-0.010043390511470612
02/05/08,0.022949705926380022
02/04/08,-0.039678220831929116
02/01/08,-0.08576994143313758
01/31/08,0.02923744758456335
01/30/08,-0.004087117439635676
01/29/08,-0.009820434893101347
01/28/08,-0.01839691726738064
01/25/08,-0.014082100403200576
01/24/08,0.04715476139996282
01/23/08,-0.061144934046916725
01/22/08,-0.026488983167663852
01/18/08,-0.0008987841147487945
01/17/08,-0.024612394767894372
01/16/08,-0.03403119116603772
01/15/08,-0.024731580602121283
01/14/08,0.02439480014526161
01/11/08,-0.013112070068500029
01/10/08,-0.009905116858225795
01/09/08,0.03406787781729824
01/08/08,-0.027062003430285607
01/07/08,-0.011795962375577859
01/04/08,-0.041337800740257606
01/03/08,0.0002043047976890456
01/02/08,-0.009096383189354898
12/31/07,-0.015728854839915478
12/28/07,0.002554369700886711
12/27/07,-0.014208503430566531
12/26/07,0.014427837919990104
12/24/07,0.005798833162054438
12/21/07,0.010149512507476045
12/20/07,0.018187981296433054
12/19/07,0.005970082254925134
12/18/07,0.006156326892666962
12/17/07,-0.03004521562286484
12/14/07,-0.00589291959257291
12/13/07,-0.007578470785474443
12/12/07,0.000214581856316847
12/11/07,-0.02675318874354713
12/10/07,0.0049659355610218335
12/07/07,-0.0005452631808994493
12/06/07,0.02397959376550016
12/05/07,0.02097467756086881
12/04/07,0.003858962795266648
12/03/07,-0.01655125084311353
11/30/07,-0.005738856823002173
11/29/07,0.006847122676367023
11/28/07,0.02774762909040203
11/27/07,0.011366392456467377
11/26/07,-0.015812015605289494
11/23/07,0.024495833278801702
11/21/07,0.01847232251824612
11/20/07,0.03625461970250604
11/19/07,-0.01227841014796382
11/16/07,0.006320990021154023
11/15/07,-0.018747708041075957
11/14/07,-0.02856705113993846
11/13/07,0.04505821449278986
11/12/07,-0.04804434550195142
11/09/07,-0.043050220804492105
11/08/07,-0.053346779948889644
11/07/07,-0.011930605921913476
11/06/07,0.022242103108514204
11/05/07,0.020246081400172346
11/02/07,0.011433244818558208
11/01/07,-0.00536063623305768
10/31/07,0.017602940754581558
10/30/07,0.022878794235901733
10/29/07,0.006863358270081232
10/26/07,0.009109816683703012
10/25/07,-0.01081650754844564
10/24/07,7.397761855749147e-05
10/23/07,0.03844795051422652
10/22/07,0.009368571379579225
10/19/07,0.007957834538600795
10/18/07,0.009692484730739156
10/17/07,0.028376637185089905
10/16/07,-0.006627880129898098
10/15/07,-0.027110530654916386
10/12/07,0.024742749238462397
10/11/07,-0.005420583716701031
10/10/07,0.0165967725730513
10/09/07,0.009120447364837763
10/08/07,0.026209887872756438
10/05/07,0.025939961329928866
10/04/07,-0.008544242623587474
10/03/07,-0.0006331953252185513
10/02/07,0.0031585287911788454
10/01/07,0.026936063237836923
09/28/07,-0.0004052605599131686
09/27/07,-0.0011616379685566766
09/26/07,-0.0014762561594075401
09/25/07,0.0017252514538132336
09/24/07,0.01414036581536642
09/21/07,0.013150414817736066
09/20/07,0.010935418943822576
09/19/07,0.02163391626202106
09/18/07,0.01897969043194072
09/17/07,-0.006524854252755555
09/14/07,0.007565123441628063
09/13/07,0.004075312638964754
09/12/07,0.0025319708661563634
09/11/07,0.013314499746528406
09/10/07,-0.009377211107949797
09/07/07,-0.007965293659161416
09/06/07,-0.0081090536964633
09/05/07,0.0050461215934512775
09/04/07,0.01921398774276091
08/31/07,0.007528368466057436
08/30/07,-0.002885692531506004
08/29/07,0.01279622527181877
08/28/07,-0.013365540803556163
08/27/07,-0.003378616177861154
08/24/07,0.005486230563670951
08/23/07,-0.001092174533759631
08/22/07,0.012119763217723624
08/21/07,0.017452627974943864
08/20/07,-0.004239677310377405
08/17/07,0.017333998520374937
08/16/07,-0.012119376407453279
08/15/07,-0.021726350246171842
08/14/07,-0.013385068961769333
08/13/07,-0.00048464816555474647
08/10/07,0.0019815888578233838
08/09/07,-0.02101637642995412
08/08/07,0.01891390834415422
08/07/07,0.011803999741938662
08/06/07,0.013916475158912233
08/03/07,-0.015674867554949373
08/02/07,-0.0037626208055452225
08/01/07,0.005764757114531586
07/31/07,-0.011838629750768598
07/30/07,0.00824398305768648
07/27/07,0.007657510845284429
07/26/07,-0.003452588018141229
07/25/07,-0.00824899753521487
07/24/07,0.0029072016720036015
07/23/07,-0.014631222561148308
07/20/07,-0.051896720817365544
07/19/07,-0.0016560791597049712
07/18/07,-0.00990985417052978
07/17/07,0.0036348009778464536
07/16/07,0.0015031943151127033
07/13/07,0.012524544356696867
07/12/07,0.0015794471781179536
07/11/07,0.0020797529046782982
07/10/07,0.0014376546648096015
07/09/07,0.00585834900255676
07/06/07,-0.004117216452937826
07/05/07,0.013642957420647655
07/03/07,0.007466419184785106
07/02/07,0.014692912092215904
06/29/07,-0.004399949854184278
06/28/07,-0.002432093529699869
06/27/07,-0.007486940433383092
06/26/07,0.005384726053490189
06/25/07,0.004647833079720299
06/22/07,0.021143332214350444
06/21/07,0.008118126128068654
06/20/07,-0.008438544901747082
06/19/07,-0.0017274486660713035
06/18/07,0.01840321943871565
06/15/07,0.006065535079974639
06/14/07,-0.0047501850689807895
06/13/07,0.0009310908047716204
06/12/07,-0.012848605659580759
06/11/07,-0.008050509115302607
06/08/07,0.0008347586082215302
06/07/07,-0.006155240659044749
06/06/07,-0.0011372146069688652
06/05/07,0.023211777211767846
06/04/07,0.013329372602029944
06/01/07,0.005000865979800137
05/31/07,-0.00138384300334697
05/30/07,0.023588078074602097
05/29/07,0.007424727545955587
05/25/07,0.019374673414109277
05/24/07,0.0007595777048869984
05/23/07,-0.003971741514376842
05/22/07,0.011177220297206546
05/21/07,0.0005952866313984082
05/18/07,-0.0013589142377345975
05/17/07,-0.0034912285557598273
05/16/07,0.03189957796162966
05/15/07,-0.008185745879933367
05/14/07,-0.010626881348781371
05/11/07,0.0114199960916231
05/10/07,-0.016579645768418236
05/09/07,0.005227007700771514
05/08/07,-0.0009844388988762445
05/07/07,-0.00817203599597669
05/04/07,-0.0044587036342789545
05/03/07,0.015994679910384203
05/02/07,-0.0068656787608790066
05/01/07,-0.005049029548964654
04/30/07,-0.015928672432056874
04/27/07,-0.0045097430161229355
04/26/07,0.006673740563608633
04/25/07,0.0009632918197465415
04/24/07,-0.003235321471814002
04/23/07,-0.007046975436509463
04/20/07,0.022961990588642234
04/19/07,-0.009159471981291896
04/18/07,0.006789304621451127
04/17/07,-0.0030994918456852833
04/16/07,0.017113800834692893
04/13/07,-0.0023534842452115562
04/12/07,0.006156795756251608
04/11/07,-0.0042229468214901485
04/10/07,-0.0036522017804432837
04/09/07,-0.0069988187749038845
04/05/07,0.0010402714207761012
04/04/07,-0.0033431986378832366
04/03/07,0.030685005111240803
04/02/07,0.0008075846653550527
03/30/07,-0.0059880249144235835
03/29/07,-0.002078408673619498
03/28/07,-0.0037531109116408067
03/27/07,-0.002967746750830652
03/26/07,0.006864022357025864
03/23/07,-0.00045453519136097426
03/22/07,0.012025003176862383
03/21/07,0.02530989335636664
03/20/07,-0.0043601741609415245
03/19/07,0.014472034869552678
03/16/07,-0.011967950070682565
03/15/07,-0.004040207812963266
03/14/07,0.011218216801576251
03/13/07,-0.02577241177051427
03/12/07,0.003951804123760353
03/09/07,-0.003870560358526423
03/08/07,-0.0020191367826336826
03/07/07,-0.004174395789523239
03/06/07,0.03764602174808025
03/05/07,0.005174573202070858
03/02/07,-0.021305968826817966
03/01/07,-0.0027144525873176806
02/28/07,0.0015152486989921065
02/27/07,-0.03475795023269949
02/26/07,-0.01209039277980532
02/23/07,-0.010990879078688358
02/22/07,-2.098507783845119e-05
02/21/07,0.007964375639806166
02/20/07,0.004596361652979906
02/16/07,0.018354352084366726
02/15/07,-0.009572218919696706
02/14/07,0.014876887963709628
02/13/07,0.0017674393503590475
02/12/07,-0.007794042306358146
02/09/07,-0.019404278280642152
02/08/07,0.0021701948351920642
02/07/07,-0.0031179010635222558
02/06/07,0.009247423605718818
02/05/07,-0.029781966652134485
02/02/07,-0.000518915023815613
02/01/07,-0.039381894135965385
01/31/07,0.014525025264716948
01/30/07,0.0037566086275594153
01/29/07,-0.006796561215541728
01/26/07,0.015878175610511955
01/25/07,-0.02200091367291258
01/24/07,0.04179106498548548
01/23/07,-0.003722670987288629
01/22/07,-0.018192918769401805
01/19/07,0.003935761925886939
01/18/07,-0.01900336297015318
01/17/07,-0.013881151670347217
01/16/07,-0.0014257506181976278
01/12/07,0.010565920475568423
01/11/07,0.020961860411003765
01/10/07,0.00815655892253536
01/09/07,0.003970347698169754
01/08/07,-0.007409791455307954
01/05/07,0.008132246344938355
01/04/07,0.033512255398879684
01/03/07,0.015440376276564043
12/29/06,-0.004496649936329638
12/28/06,-0.011687308965412362
12/27/06,0.022949300471039605
12/26/06,0.004280259672813279
12/22/06,-0.001359031825316885
12/21/06,-0.014473985371576776
12/20/06,-0.012227097342024885
12/19/06,0.012597230666793661
12/18/06,-0.03643558728594384
12/15/06,-0.0037749877094717006
12/14/06,0.0065345906195741306
12/13/06,-0.005791067242657249
12/12/06,-0.004442783300814664
12/11/06,-0.00037180290473572255
12/08/06,0.0030457442314933483
12/07/06,-0.012420452784428519
12/06/06,0.0035112922861803325
12/05/06,0.004434353150544437
12/04/06,0.008423471270978845
12/01/06,-0.008271283766812531
11/30/06,0.0003301177203276976
11/29/06,-0.00990804660083578
11/28/06,0.009798880186977907
11/27/06,-0.04009900471789715
11/24/06,-0.005925119158812334
11/22/06,-0.0032178427775192307
11/21/06,0.029491951379253378
11/20/06,-0.0074981652144569455
11/17/06,0.005827796249135367
11/16/06,0.008070244101912734
11/15/06,0.0053750231525601655
11/14/06,0.017192311853562847
11/13/06,0.01579556479400911
11/10/06,0.0019465533377539443
11/09/06,-0.004989464398140605
11/08/06,0.005142102656566449
11/07/06,-0.009183357110829316
11/06/06,0.010915638129960685
11/03/06,0.00402203156497275
11/02/06,0.005155079020709475
11/01/06,-0.018661197072718783
10/31/06,-0.0003776853416447931
10/30/06,0.0028830267761989197
10/27/06,-0.020408174045980932
10/26/06,-0.0030826508541911012
10/25/06,0.028078882801739154
10/24/06,-0.01553725968644892
10/23/06,0.0459242241686452
10/20/06,0.07888561278066009
10/19/06,0.01609787401060736
10/18/06,-0.003161797289617104
10/17/06,-0.0026319170251478574
10/16/06,-0.012988511772218065
10/13/06,-0.00032757729044253375
10/12/06,0.0022039940032858025
10/11/06,-0.00035158934709617003
10/10/06,-0.005477835907803664
10/09/06,0.020214037952332117
10/06/06,0.021101995376783558
10/05/06,-0.009357747031963105
10/04/06,0.02885851943893102
10/03/06,0.00647671131485446
10/02/06,-0.0011445602340252926
09/29/06,-0.004162771773584999
09/28/06,0.0016380328379799526
09/27/06,-0.009708239175602231
09/26/06,0.007153829873285719
09/25/06,0.0004953079711601633
09/22/06,-0.0075457728456201625
09/21/06,0.024811045191188073
09/20/06,-0.01686431158966017
09/19/06,-0.02623650043917524
09/18/06,0.011735178791148278
09/15/06,0.014604668661190113
09/14/06,-0.006370354492112098
09/13/06,0.03743298292314826
09/12/06,0.020333820389070924
09/11/06,0.016514428656662188
09/08/06,-0.0016909145531597326
09/07/06,-0.004340483846772561
09/06/06,-0.010979322672012579
09/05/06,0.015213957484150458
09/01/06,0.00018490952332918159
08/31/06,-0.005830571138937906
08/30/06,0.004749954040456951
08/29/06,-0.005250008093121773
08/28/06,0.020602264464854532
08/25/06,-0.001257637134805132
08/24/06,0.0008033880324310161
08/23/06,-0.012847304176398464
08/22/06,0.00262389417352115
08/21/06,-0.015807553149350943
08/18/06,-0.0063244931309590436
08/17/06,-0.004952055120069299
08/16/06,0.017717924449020837
08/15/06,0.031237346961845602
08/14/06,0.002523705445600665
08/11/06,-0.015232486773942398
08/10/06,-0.007269057632900028
08/09/06,-0.010656144620789329
08/08/06,0.008069834005905222
08/07/06,0.01096695706389659
08/04/06,-0.004102378477474494
08/03/06,0.022220373640168316
08/02/06,-0.022050021102507526
08/01/06,-0.028685969673066348
07/31/06,-0.003916288522354181
07/28/06,0.014958155313001495
07/27/06,-0.008041544850198394
07/26/06,-0.009913692949898472
07/25/06,-0.003939600505240643
07/24/06,0.002025064375293173
07/21/06,0.007723666560012696
07/20/06,-0.02977442506522937
07/19/06,-0.010048393279953667
07/18/06,-0.011865950900605137
07/17/06,0.010879851754409453
07/14/06,-0.013037188329982005
07/13/06,-0.02017980342155098
07/12/06,-0.01721777915398013
07/11/06,0.015208012302388503
07/10/06,-0.005351427909204772
07/07/06,-0.006474634362434236
07/06/06,0.004104786435239779
07/05/06,-0.004111505893086503
07/03/06,0.00922896374707216
06/30/06,0.0036380649660426047
06/29/06,0.02880993460415543
06/28/06,0.00942036644420368
06/27/06,-0.00470043260252657
06/26/06,-0.0015807792106454156
06/23/06,0.012276526411025303
06/22/06,-0.005421167410455868
06/21/06,0.03863937639469681
06/20/06,-0.002499076048188251
06/19/06,-0.006552354933916491
06/16/06,-0.0007672869302488244
06/15/06,0.017196103244566295
06/14/06,-0.005510696116990602
06/13/06,0.013052347057633605
06/12/06,-0.013011910379870931
06/09/06,-0.017111608399422554
06/08/06,0.0175674717015658
06/07/06,-0.008923317198829616
06/06/06,0.04152870904990981
06/05/06,-0.013177299443775829
06/02/06,-0.008311106193179861
06/01/06,0.029046320996549926
05/31/06,-0.0003226748646076305
05/30/06,-0.024675460125994156
05/26/06,-0.004282105497406178
05/25/06,0.004563900959432851
05/24/06,0.015096668188481873
05/23/06,0.01248144314638583
05/22/06,0.0025134250018234057
05/19/06,-0.0026146886880343903
05/18/06,-0.009372481700869816
05/17/06,0.008618365857751966
05/16/06,-0.013024935740671375
05/15/06,0.0055327943252096706
05/12/06,-0.03325578622798291
05/11/06,-0.039654556469912366
05/10/06,-0.01423681571513253
05/09/06,0.03551346121357514
05/08/06,0.0012173540763808404
05/05/06,-0.001139994397553905
05/04/06,0.0014714880954185359
05/03/06,-0.0015957657224442423
05/02/06,-0.010278257603683758
05/01/06,-0.04555678474077943
04/28/06,-0.004975878594562177
04/27/06,-0.013944638679459921
04/26/06,-0.002785819737822636
04/25/06,-0.030283785575182843
04/24/06,0.007778532779674418
04/21/06,0.053253041082228704
04/20/06,0.01096221600033457
04/19/06,0.015485872267756166
04/18/06,-0.006341888193242925
04/17/06,0.011587451211103056
04/13/06,-0.016603505417391896
04/12/06,-0.0017331154571716288
04/11/06,-0.01613912717363667
04/10/06,0.025162467886960124
04/07/06,-0.012208760764595972
04/06/06,0.007818851886979747
04/05/06,0.00902701178193305
04/04/06,0.03756743343189095
04/03/06,-0.0007692543548828688
03/31/06,0.004016048174250741
03/30/06,-0.01655776605196002
03/29/06,0.04713676489838917
03/28/06,0.020314338431371218
03/27/06,0.010634180776049015
03/24/06,0.069934757131166
03/23/06,0.004908663655421788
03/22/06,0.000882499284147323
03/21/06,-0.023751364524622984
03/20/06,0.02472111892156264
03/17/06,0.0030109314911884242
03/16/06,-0.01663284270800993
03/15/06,-0.018965718529348637
03/14/06,0.041832362037913136
03/13/06,-0.0013037001850229588
03/10/06,-0.016034983040403822
03/09/06,-0.03074492554867539
03/08/06,-0.029002577563044054
03/07/06,-0.00991581640009217
03/06/06,-0.026653975320927722
03/03/06,0.004595567187763645
03/02/06,0.0319353356862574
03/01/06,0.006011764376705584
02/28/06,-0.0711101378000672
02/27/06,0.034393187172765495
02/24/06,-0.0017721908011387845
02/23/06,0.034419539358731314
02/22/06,-0.0030006137329806485
02/21/06,-0.005857578801844659
02/17/06,0.006248932311309612
02/16/06,0.07033121810198756
02/15/06,-0.002737980412471187
02/14/06,-0.006884523049809185
02/13/06,-0.04663415324684553
02/10/06,0.010703218070647951
02/09/06,-0.027934286147686314
02/08/06,0.003152867200693456
02/07/06,-0.044611789275271256
02/06/06,0.009304155445608024
02/03/06,-0.036587270061127164
02/02/06,-0.014286431099639159
02/01/06,-0.07137242189730954
01/31/06,0.013682621159844591
01/30/06,-0.01538679054337174
01/27/06,-0.001796075915129288
01/26/06,0.0029330314094316297
01/25/06,-0.022639570530225212
01/24/06,0.036327504975570434
01/23/06,0.07019471152864287
01/20/06,-0.08475196581429313
01/19/06,-0.019015079519032436
01/18/06,-0.04752626987801077
01/17/06,0.0018444861107814075
01/13/06,0.005651090227987333
01/12/06,-0.0169624461762575
01/11/06,0.003980736817588044
01/10/06,0.006125470398963821
01/09/06,0.002662914232255302
01/06/06,0.0319563840889918
01/05/06,0.013475891101044682
01/04/06,0.02299934518248404
01/03/06,0.04910085354898522
12/30/05,-0.012590707265101947
12/29/05,-0.015327255109698852
12/28/05,0.004827577268715163
12/27/05,-0.01459633564896503
12/23/05,-0.0025692273218809636
12/22/05,0.013393410167150397
12/21/05,-0.00793505999220574
12/20/05,0.012105544316891346
12/19/05,-0.012902455193928497
12/16/05,0.01798597351645986
12/15/05,0.008568851927240767
12/14/05,0.003521032762237348
12/13/05,0.011827170302836957
12/12/05,0.008333364726649417
12/09/05,-0.003530973133102703
12/08/05,0.015907146069383992
12/07/05,-0.0007910543744708269
12/06/05,-0.0032277355296006865
12/05/05,-0.02836965779704848
12/02/05,0.008717931727113843
12/01/05,0.02267163260947975
11/30/05,0.003394990088172114
11/29/05,-0.04708604879843463
11/28/05,-0.011992006698967569
11/25/05,0.013621539653213744
11/23/05,0.015343272591570173
11/22/05,0.017368537465795413
11/21/05,0.022863029983521563
11/18/05,-0.008030747769057739
11/17/05,0.013311580197845794
11/16/05,0.013620146180915048
11/15/05,-0.010504548781654851
11/14/05,0.01682890975838172
11/11/05,-0.0017898289931452367
11/10/05,0.03151784129275905
11/09/05,-0.027571204042383612
11/08/05,-0.012986345200919501
11/07/05,0.011781885148080404
11/04/05,0.011607767765529638
11/03/05,0.016513893414973484
11/02/05,0.0007907881431942013
11/01/05,0.019455012569799205
10/31/05,0.03900386611673508
10/28/05,0.01447344438182792
10/27/05,-0.006695958651944575
10/26/05,0.024588482840929137
10/25/05,-0.004990641835968055
10/24/05,0.025742836273055247
10/21/05,0.12104222962777533
10/20/05,-0.017816647337380198
10/19/05,0.01787123796060983
10/18/05,-0.005639296154979222
10/17/05,0.029918247099613163
10/14/05,-0.004370597323044432
10/13/05,-0.011728732008978813
10/12/05,-0.01675922309241659
10/11/05,-0.0146467394768289
10/10/05,-0.007476301408858877
10/07/05,0.0007673903850422264
10/06/05,0.006565602624204929
10/05/05,-0.0009324540272715058
10/04/05,-0.02409936426681142
10/03/05,0.007015072903489999
09/30/05,0.022091581131889488
09/29/05,0.011830045937314421
09/28/05,-0.025291426521458736
09/27/05,-0.0010818794583446604
09/26/05,-0.0034246291408701205
09/23/05,0.012814327261047781
09/22/05,-0.001699245122134478
09/21/05,0.01295832260115338
09/20/05,0.013561995925756949
09/19/05,0.011958708347567933
09/16/05,-0.007996779869559177
09/15/05,-0.0012541946534601514
09/14/05,-0.02784906418320088
09/13/05,0.006263365455617319
09/12/05,0.03560800910033263
09/09/05,0.012525827325846775
09/08/05,0.0017634162638225424
09/07/05,0.02702794952614822
09/06/05,-0.004645499477828896
09/02/05,0.007685652859111963
09/01/05,0.0008740814939575136
08/31/05,-0.0044209299383025005
08/30/05,-0.004090846846954232
08/29/05,0.01717336580279473
08/26/05,0.0035032922143667486
08/25/05,7.078581794279868e-05
08/24/05,0.010694562765542249
08/23/05,0.020327706101855348
08/22/05,-0.021392820774444057
08/19/05,3.566541125084509e-05
08/18/05,-0.017923514730112545
08/17/05,-0.0019254209780349403
08/16/05,0.00580982908377836
08/15/05,-0.019743194540334654
08/12/05,0.01996129764645203
08/11/05,-0.0057056413767799215
08/10/05,-0.020201001914259553
08/09/05,0.0010986475460434404
08/08/05,-0.0037625961257918427
08/05/05,-0.01807000815343095
08/04/05,0.001446285898876124
08/03/05,-0.006317032113840448
08/02/05,0.025993633333763658
08/01/05,0.013379238535268241
07/29/05,-0.019557078543306402
07/28/05,-0.01155159334393512
07/27/05,0.0028370488044581112
07/26/05,0.0008112265070664619
07/25/05,-0.021660061181123513
07/22/05,-0.036758656731600885
07/21/05,0.006217996286758242
07/20/05,0.006776296227158392
07/19/05,0.03458639175165122
07/18/05,-0.005478241452940331
07/15/05,0.0009970727161327613
07/14/05,0.006792412627414651
07/13/05,0.02426484537908161
07/12/05,-0.005351899723519788
07/11/05,-0.009722236583504308
07/08/05,0.0023347640489744066
07/07/05,0.01378974001226431
07/06/05,-0.01416926264667114
07/05/05,0.015313248658609075
07/01/05,-0.009858881806085408
06/30/05,0.004885187396124425
06/29/05,-0.03072842685600733
06/28/05,-0.006905637291166714
06/27/05,0.02304461452701414
06/24/05,0.026026018257938384
06/23/05,0.0014171408502231069
06/22/05,0.00507229722537632
06/21/05,0.0039762779540987005
06/20/05,0.02283267395176754
06/17/05,0.010308586882771526
06/16/05,0.009606931442313928
06/15/05,-0.012753721233976334
06/14/05,-0.015561470907426073
06/13/05,0.0008850171494927979
06/10/05,-0.013307267311232638
06/09/05,0.02414508422543421
06/08/05,-0.0462609409055864
06/07/05,0.007493009509263853
06/06/05,0.03810743248190492
06/03/05,-0.026537030196824355
06/02/05,-0.00034715872573678786
06/01/05,0.03869866316283481
05/31/05,0.0423685028972165
05/27/05,0.026234527268100435
05/26/05,-0.006173021315388374
05/25/05,0.018789003399006986
05/24/05,0.002153049478781491
05/23/05,0.057282450143564284
05/20/05,0.010159659346877133
05/19/05,8.363416645971097e-05
05/18/05,0.025865438880755955
05/17/05,0.009002390915120473
05/16/05,0.007895642634838829
05/13/05,0.002273489742551239
05/12/05,-0.011111552940869778
05/11/05,0.015320423590128225
05/10/05,0.007875441195251335
05/09/05,-0.008771189230905608
05/06/05,0.0045819066821931485
05/05/05,-0.0066520956365219205
05/04/05,0.01021266064243222
05/03/05,0.017544655200111156
05/02/05,0.010409089886997163
04/29/05,0.0025062496821276715
04/28/05,-0.0015014883028901726
04/27/05,0.004708567738909825
04/26/05,-0.02138413223756628
04/25/05,0.035772231726885005
04/22/05,0.05675245423969459
04/21/05,0.03089352573709613
04/20/05,0.03500518066276814
04/19/05,0.023693694541618397
04/18/05,0.010648663356670087
04/15/05,-0.03369028233474408
04/14/05,-0.007671165754433259
04/13/05,-0.005310379555473651
04/12/05,0.003777829426977679
04/11/05,0.006144258188981582
04/08/05,-0.00882533729989579
04/07/05,0.023993201125951172
04/06/05,0.0034470502156103548
04/05/05,0.017701954089742723
04/04/05,0.029160162133250175
04/01/05,-0.002603737794334364
03/31/05,0.00033254555590647543
03/30/05,0.004900571333264835
03/29/05,-0.01019734827827811
03/28/05,0.01210599745547079
03/24/05,0.0015085778975487101
03/23/05,0.002127687478688162
03/22/05,-0.01260504131923786
03/21/05,0.004665572566607578
03/18/05,0.004183211463600608
03/17/05,0.0210136909321923
03/16/05,-0.01685238161935554
03/15/05,0.020686862710928743
03/14/05,-0.015804231934843475
03/11/05,-0.012112468693497476
03/10/05,-0.007554443406359812
03/09/05,-0.020788387953282226
03/08/05,-0.019119708920023515
03/07/05,0.015653523267194592
03/04/05,-0.005935484561631741
03/03/05,0.009882271295870415
03/02/05,-0.004729622806345706
03/01/05,-0.010266497175149717
02/28/05,0.011405779297692846
02/25/05,-0.015988087775570477
02/24/05,-0.026089210537849544
02/23/05,0.013481700138517289
02/22/05,-0.033240678495919725
02/18/05,0.00025261170007637363
02/17/05,-0.002570387698084335
02/16/05,0.016288456666956674
02/15/05,0.011606787219450949
02/14/05,0.02982930115649711
02/11/05,-0.0030854369900262585
02/10/05,-0.018791138087707708
02/09/05,-0.035541658355669595
02/08/05,0.01331427302135221
02/07/05,-0.04076138020367032
02/04/05,-0.030826189198375306
02/03/05,0.02379108020101933
02/02/05,0.07326730611557589
02/01/05,-0.019016500434366285
01/31/05,0.027739842265729068
01/28/05,0.012016227030167269
01/27/05,-0.006129797553116559
01/26/05,0.06842816897371194
01/25/05,-0.019920352841474174
01/24/05,-0.04015296027586124
01/21/05,-0.029084181484739218
01/20/05,-0.017131225761622838
01/19/05,-0.03236878038728238
01/18/05,0.01965289422802676
01/14/05,0.02375471004215968
01/13/05,-0.00025595184355057924
01/12/05,0.009507083710039492
01/11/05,-0.007792493730392708
01/10/05,0.006241984719824277
01/07/05,0.028109274889882848
01/06/05,-0.025631773931703745
01/05/05,-0.005089940085232507
01/04/05,-0.04050125624270896
01/03/05,0.05145500004501619
12/31/04,-0.024342110828851442
12/30/04,0.024364963344261373
12/29/04,0.0007262274546382063
12/28/04,0.004429189216424991
12/27/04,0.02134114507641396
12/23/04,0.00858829667831257
12/22/04,0.013877568150361707
12/21/04,-0.006864125944479095
12/20/04,0.027432256350019012
12/17/04,0.020456690270342248
12/16/04,-0.018411375082107072
12/15/04,0.0060999893183524756
12/14/04,0.04834262221014962
12/13/04,-0.00699102089682006
12/10/04,-0.01026345631658461
12/09/04,0.02029651009630893
12/08/04,-0.008458321481404121
12/07/04,-0.027568160297278023
12/06/04,-0.022782775567936734
12/03/04,0.005574199133559615
12/02/04,-0.0031117942799164587
12/01/04,-0.011100178495404516
11/30/04,0.005136710654122507
11/29/04,0.00925362365405362
11/26/04,0.026493427142763152
11/24/04,0.04321873384999959
11/23/04,0.014657804155574935
11/22/04,-0.025383755486123268
11/19/04,0.011101843847879858
11/18/04,-0.028753558041306772
11/17/04,-0.0002318644827229692
11/16/04,-0.06669555972728101
11/15/04,0.015769231403845105
11/12/04,-0.005573157040086529
11/11/04,0.09031338509423507
11/10/04,-0.004979286871998805
11/09/04,-0.022312335852669854
11/08/04,0.01889577388397561
11/05/04,-0.08310774380180196
11/04/04,-0.03636457014823899
11/03/04,-0.01642119049976331
11/02/04,-0.0059174762363116955
11/01/04,0.028273192766722428
10/29/04,-0.013761017933114544
10/28/04,0.0394149597036429
10/27/04,0.02293733120679746
10/26/04,-0.02988259870828913
10/25/04,0.08681781324849186
10/22/04,0.15430447162654967
10/21/04,0.06327848028157392
10/20/04,-0.05035825101339395
10/19/04,-0.008179101010378899
10/18/04,0.035042678536150125
10/15/04,0.014859099979916409
10/14/04,0.007807019574198853
10/13/04,0.025473016117616393
10/12/04,0.015821457301419244
10/11/04,-0.017933691280763553
10/08/04,-0.008066236803800022
10/07/04,0.012912103226840634
10/06/04,-0.009322747265466757
10/05/04,0.024507619779127948
10/04/04,0.018705636006800013
10/01/04,0.02299382608059879
09/30/04,-0.011290799347374767
09/29/04,0.03326498833520627
09/28/04,0.07272114481970018
09/27/04,-0.01310185910855672
09/24/04,-0.008194035057707048
09/23/04,0.02061156714961488
09/22/04,0.0045825062468952005
09/21/04,-0.012734616512002745
09/20/04,0.015916290267795175
09/17/04,0.030885288761516687
09/16/04,0.017589309424155652
09/15/04,0.004574388806115313
09/14/04,0.03711625126139747
09/13/04,0.02060199561792152
09/10/04,0.02951811016374206
09/09/04,9.775144666272003e-05
09/08/04,0.007087990172833889
09/07/04,0.01569844778704415
09/03/04,-0.014776868792129357
09/02/04,0.012568564388333314
09/01/04,-0.020709175369250148
08/31/04,0.003529075914785417
08/30/04,-0.03900143919317823
08/27/04,-0.016309862546633903
08/26/04,0.01801881857841439
08/25/04,0.01077531219512237
08/24/04,-0.0414076949539821
08/23/04,0.010063716024420149
08/20/04,0.0794298591730945
